,"Pertussis - number of reported cases","Pertussis - number of reported cases","Pertussis - number of reported cases","Pertussis - number of reported cases","Pertussis - number of reported cases","Pertussis - number of reported cases","Pertussis - number of reported cases","Pertussis - number of reported cases","Pertussis - number of reported cases","Pertussis - number of reported cases","Pertussis - number of reported cases","Pertussis - number of reported cases","Pertussis - number of reported cases","Pertussis - number of reported cases","Pertussis - number of reported cases","Pertussis - number of reported cases","Pertussis - number of reported cases","Pertussis - number of reported cases","Pertussis - number of reported cases","Pertussis - number of reported cases","Pertussis - number of reported cases","Pertussis - number of reported cases","Pertussis - number of reported cases","Pertussis - number of reported cases","Pertussis - number of reported cases","Pertussis - number of reported cases","Pertussis - number of reported cases","Pertussis - number of reported cases","Pertussis - number of reported cases","Pertussis - number of reported cases","Pertussis - number of reported cases","Pertussis - number of reported cases","Pertussis - number of reported cases","Pertussis - number of reported cases","Pertussis - number of reported cases","Pertussis - number of reported cases","Pertussis - number of reported cases","Pertussis - number of reported cases","Pertussis - number of reported cases","Pertussis - number of reported cases","Pertussis - number of reported cases","Pertussis - number of reported cases","Pertussis - number of reported cases","Pertussis - number of reported cases","Pertussis - number of reported cases","Pertussis - number of reported cases","Pertussis - number of reported cases","Pertussis - number of reported cases","Pertussis - number of reported cases"
"Countries, territories and areas","2022","2021","2020","2019","2018","2017","2016","2015","2014","2013","2012","2011","2010","2009","2008","2007","2006","2005","2004","2003","2002","2001","2000","1999","1998","1997","1996","1995","1994","1993","1992","1991","1990","1989","1988","1987","1986","1985","1984","1983","1982","1981","1980","1979","1978","1977","1976","1975","1974"
"Afghanistan","331","108","","","488","1","0","432","0","371","1497","0","0","0","2448","5904","2515","2173","558","","1439","","896","1582","896","","","","","","","541","411","1494","4587","6073","5872","8531","6175","10209","8528","15388","15748","22293","21200","11285","199","1",""
"Albania","0","0","3","11","19","7","43","","","6","16","4","0","10","10","13","0","15","72","11","20","36","89","27","24","78","228","136","244","124","51","275","329","302","508","112","115","172","89","126","312","280","137","","","","","",""
"Algeria","0","","","","17","6","2","0","0","69","104","1","0","1","28","0","23","18","7","22","57","137","","4","10","30","9","","4","44","25","16","23","32","45","69","24","520","894","395","663","967","710","482","280","666","2862","1379","965"
"Andorra","0","0","0","1","2","0","6","22","1","6","3","4","0","0","0","","","","0","0","0","0","0","0","","0","","","","","","","","","","","","","","","","","","","","","","",""
"Angola","","","0","0","0","","0","0","0","0","1259","1554","2539","1127","1148","921","1328","0","1675","2654","0","740","560","","","","","","","1458","","10078","14420","21674","14343","10015","6953","15846","23993","28461","31429","31481","54126","37913","28179","11933","3799","1512","3489"
"Antigua and Barbuda","0","0","0","0","0","0","0","0","0","0","0","0","0","0","0","0","0","0","0","0","0","0","0","0","1010","0","0","0","0","0","0","0","0","0","0","0","0","0","0","0","0","0","0","1","89","43","0","0","0"
"Argentina","196","174","162","975","900","864","1686","975","561","1112","1239","3185","804","1743","3085","2587","1607","2060","976","643","267","431","515","592","677","640","767","1208","1497","1201","2166","2330","2012","2943","3685","1722","1952","4654","16288","6115","6383","21695","27223","19597","17014","44875","44447","10917","23733"
"Armenia","1","6","12","39","160","77","15","27","85","30","8","1","4","11","3","1","2","6","7","3","3","1","10","13","19","5","2","12","329","98","124","327","469","","","","","","","","","","","","","","","",""
"Australia","479","550","3457","12021","12555","12114","20037","22508","11842","12319","23855","38040","34285","29545","14435","5379","","11277","8676","4968","5563","9538","5795","4403","6055","10242","4389","4099","5633","3990","739","337","862","614","153","291","601","587","261","332","274","170","124","174","","","","",""
"Austria","164","129","655","","2197","1411","1270","579","370","","571","309","414","183","183","133","72","130","130","170","150","253","117","103","113","117","94","91","145","89","138","182","234","190","113","260","177","301","176","181","433","264","186","425","376","313","311","388","1051"
"Azerbaijan","0","0","0","0","0","0","0","0","0","4","18","27","15","5","5","12","60","2","2","1","3","12","11","22","43","52","15","34","104","417","89","150","63","","","","","","","","","","","","","","","",""
"Bahamas","1","0","0","0","0","0","0","0","0","0","0","0","0","0","0","0","0","0","0","0","0","0","0","0","0","0","0","0","0","0","3","0","0","0","0","0","0","0","1","8","8","8","15","0","2","1","6","5","0"
"Bahrain","0","0","0","5","1","1","1","0","0","0","3","0","0","1","0","0","0","","0","","0","0","0","0","0","0","0","0","0","0","0","0","0","0","2","20","1","7","15","33","22","76","106","86","136","144","617","251","158"
"Bangladesh","0","0","1","12","3","0","1","11","12","1","13","44","17","16","33","87","46","125","140","332","587","16","252","520","814","673","1293","1289","1984","4190","10242","14605","4879","83057","19803","34423","31978","23897","10326","24002","52237","17000","12436","13895","","5109","","",""
"Barbados","0","0","0","4","0","0","0","0","0","0","0","0","0","0","0","0","0","0","0","0","0","0","0","0","0","0","0","1","0","1","0","0","3","0","0","0","1","13","0","0","12","12","0","2","14","3","1","0","0"
"Belarus","28","13","449","776","648","516","522","503","378","188","576","151","112","93","125","156","76","80","80","79","70","86","169","272","262","455","202","227","835","755","638","381","462","","","","","","","","","","","","","","","",""
"Belgium","80","16","124","1098","1354","1535","2105","1203","1501","1142","548","103","133","","260","293","196","231","96","59","27","28","","","","14","8","3","3","2","","0","","3","3","15","5","3","","","","","","","","","","",""
"Belize","0","0","0","0","2","1","4","0","3","6","44","0","0","0","2","0","0","0","0","0","0","0","0","0","1","0","0","0","3","0","0","4","3","1","0","0","8","36","3","1","0","59","11","2","0","52","18","128","131"
"Benin","0","0","0","","","","","0","0","0","0","0","53","","0","0","0","99","49","","","","215","45","","","119","1055","","","","190","","455","665","2148","1138","2646","2158","1937","2705","4039","2694","4867","6726","3320","3482","4910","4240"
"Bhutan","0","","0","2","8","15","4","12","0","0","0","1","0","0","0","0","1","1","0","0","","0","18","466","0","0","0","5","0","0","9","8","3","225","219","90","160","213","224","392","795","534","464","1249","746","","","",""
"Bolivia (Plurinational State of)","223","0","12","29","21","7","27","11","75","31","0","0","0","0","0","0","6","1","6","46","132","55","10","16","44","138","14","36","45","245","284","56","159","705","685","520","439","964","1393","1445","1387","5028","2377","2457","2611","4375","2194","3078","3536"
"Bosnia and Herzegovina","0","2","12","","97","122","20","12","","","19","30","30","25","41","46","42","39","24","39","81","","43","71","109","","","141","257","82","169","245","287","","","","","","","","","","","","","","","",""
"Botswana","0","","","0","0","0","0","0","0","0","0","0","0","0","0","0","","0","","0","0","0","0","15","7","19","38","15","19","17","5","11","22","8","17","17","21","28","212","132","83","137","110","870","597","1010","884","989","3382"
"Brazil","246","143","229","1423","2232","1804","1208","2920","8338","5211","5400","2257","477","1037","1275","596","797","1328","1146","1110","406","657","764","1369","1704","101","1245","3798","4098","5388","5155","7252","15329","13810","8869","16898","23946","22119","19221","26297","54766","42247","45752","34026","34203","33104","28607","18772",""
"Brunei Darussalam","0","0","0","2","0","0","0","5","1","","3","3","1","0","2","","","0","0","0","","0","2","7","3","0","","","","","0","","0","0","0","0","2","2","2","1","0","3","1","","0","","0","",""
"Bulgaria","17","3","27","70","114","116","98","35","52","89","102","46","54","251","193","269","335","313","222","180","82","81","106","123","40","44","40","77","22","74","82","13","26","15","14","54","53","40","226","66","169","391","154","145","909","1393","141","486","7738"
"Burkina Faso","5","177","0","153","9","0","16","0","7","3","0","6","13","68","171","44","54","170","420","171","212","238","351","340","","","62","419","233","243","485","1314","713","1428","1402","3378","3333","5078","2824","3586","5219","3144","3888","4098","2747","1939","5810","4369",""
"Burundi","","","","","","","","","","","0","0","0","0","0","0","0","","0","","154","","72","351","94","","","273","155","95","218","352","529","895","1114","1979","4152","4516","5564","5775","6092","9352","9613","7189","9966","10149","9169","10289","6270"
"Cote d'Ivoire","","10","0","174","4","1","","","","","","","","","","","","","","0","0","0","","","","1284","1559","1865","","","1851","","3052","4284","3622","4626","8213","","","","","","","9590","5924","","","21275",""
"Cabo Verde","0","0","","0","0","","","0","0","18","0","1","0","6","0","0","","0","","7","0","0","0","","47","0","","0","0","0","0","0","0","1","1","248","","7","4","7","182","159","290","441","297","116","44","",""
"Cambodia","1","0","7","20","22","20","9","10","3","0","54","","372","513","1212","561","474","462","66","315","320","4714","2068","618","438","1665","","","63","611","995","821","1690","4220","3902","5672","11568","25023","27424","23699","74127","55227","86334","","","","","",""
"Cameroon","","","","","","","","","","","","","","","","","","","","","","","","","","0","","4","","1103","1900","5911","5498","5073","5659","6246","10861","11126","10079","14042","","","","","","","","1099","1058"
"Canada","208","32","955","2544","1679","3998","3896","3510","1527","1261","4845","676","759","1667","1961","1472","1945","2231","2697","1863","2557","2678","4054","6069","8796","4439","5408","9818","10151","7401","3605","2724","8030","2440","1106","1292","2357","2376","1350","2231","2314","2632","2873","2227","3002","0","3002","3387","1579"
"Central African Republic","15","410","656","924","612","497","353","379","241","124","124","100","1","63","","2","65","87","561","80","10","1358","","0","16","11","","6","","","","","46","746","802","826","1071","2443","1566","452","931","1384","4340","4298","3374","1845","5396","3222","3213"
"Chad","","","","","","","","","","","","","","","","","","","","","","","","","5898","5498","5004","5745","","","","","","","","","2303","1496","2532","2288","273","","","","2366","5930","11999","8319","5498"
"Chile","0","29","62","350","682","849","752","734","1125","1964","5762","2582","794","692","969","1030","1288","1213","1059","1106","1171","1611","3554","3178","2482","1457","1094","424","208","600","264","61","59","202","224","46","38","610","1980","127","393","2043","2795","446","895","10169","10668","2550","12184"
"China","38295","9611","4475","30027","22057","10390","5584","6658","3408","1712","2183","2517","1764","1612","2387","","2595","3844","4705","858","6293","6407","5561","5974","7134","8678","","5482","7199","9190","11182","10679","20015","26985","32937","59543","83979","147298","215965","331419","422280","510601","613648","736155","1202922","1454477","1339710","1814134","1694350"
"Colombia","111","75","68","347","416","330","536","986","734","13682","3289","1010","344","407","408","125","233","139","25","140","322","577","446","332","311","425","111","1144","1609","1271","872","1336","1961","2384","1864","3272","2055","1629","3211","5450","7220","4990","7664","11209","15952","14981","15753","17353","17457"
"Comoros","","0","0","0","","","","0","0","0","","","0","0","","0","0","0","0","0","0","","","0","0","0","3","","","","","0","0","","","","","","","","","","","","99","99","","","947"
"Congo","","8","34","0","0","0","0","","21","137","12","0","0","0","0","55","108","","","0","38","31","0","17","","8","48","144","","","","93","52","47","61","47","667","772","1981","1181","1212","1857","11198","4345","6490","7950","7904","4971","7143"
"Cook Islands","","","","0","0","","","","","","0","0","0","0","0","0","0","0","0","0","0","0","0","0","0","0","0","0","0","0","0","0","0","0","0","0","0","0","0","0","0","8","0","0","0","0","0","0","0"
"Costa Rica","5","2","10","51","36","58","23","20","31","58","130","79","71","664","2024","2024","1037","7","13","27","32","51","23","11","29","33","20","21","20","28","29","19","75","85","95","52","153","133","172","74","63","168","960","311","93","479","1032","1165","1145"
"Croatia","2","7","10","56","128","80","122","57","","108","61","103","42","101","102","123","80","124","197","94","176","130","196","333","445","567","694","252","310","666","313","392","304","","","","","","","","","","","","","","","",""
"Cuba","0","0","0","0","0","0","0","0","0","","0","0","0","0","0","0","0","0","0","0","0","0","0","0","0","0","0","0","2","11","1","23","70","70","32","103","342","195","86","275","915","379","131","147","1466","978","139","326","1653"
"Cyprus","0","2","8","2","0","17","2","2","7","9","16","2","0","8","3","9","8","6","15","58","1","","6","12","5","12","20","15","17","0","1","6","4","0","0","0","11","0","0","23","1","3","0","8","0","8","0","23","6"
"Czechia","94","51","696","1446","752","667","627","585","2521","1233","738","324","662","956","767","186","234","412","373","342","329","124","187","97","25","114","121","22","75","72","9","33","48","","","","","","","","","","","","","","","",""
"Democratic People's Republic of Korea","0","","","","0","0","0","0","0","0","8","13","0","8","395","1250","409","493","1930","1084","1087","87","304","50","32","60","98","130","150","","47","49","58","274","363","494","952","1607","1767","1919","563","110","0","350","14501","60476","3088","2695","12669"
"Democratic Republic of the Congo","2752","1494","1027","1290","1326","1602","0","0","0","","3407","2452","2157","830","3190","3799","3558","4564","7104","2534","","6300","75","150","44","","","","","","","","","492","1447","1473","1209","1590","635","5926","7265","13731","15335","12183","18232","17114","18975","29687","28095"
"Denmark","52","80","2390","3697","1028","1081","2096","962","855","484","980","71","77","83","105","81","55","129","228","114","323","200","164","","","198","89","82","39","242","495","821","569","928","959","2902","1139","1882","3368","1883","1327","4364","4970","3510","4056","11453","16385","1457","1555"
"Djibouti","0","0","","","","","","","","","","","0","0","0","3","","","0","10","2","34","48","","","","0","0","","0","1","0","25","27","15","5","","85","385","32","23","214","","518","440","506","327","727",""
"Dominica","0","0","0","0","0","0","0","0","0","0","0","0","0","0","0","0","0","0","0","0","0","0","0","0","0","0","0","0","0","0","0","0","0","0","0","0","0","0","1","11","7","0","1","0","44","194","5","0","0"
"Dominican Republic","5","8","8","123","147","41","26","69","98","17","11","3","37","18","11","10","17","63","53","23","10","19","40","21","20","2","2","0","4","5","71","33","227","255","104","149","217","172","177","302","216","212","558","946","994","1035","2370","5023","4442"
"Ecuador","57","0","8","57","30","60","16","7","9","35","54","3","0","41","125","84","23","","0","127","355","308","482","204","248","235","163","176","562","362","320","601","487","247","197","312","907","741","420","802","1165","803","836","1991","1964","2307","2133","2382","4960"
"Egypt","0","0","0","0","0","0","0","0","0","0","0","0","0","0","0","0","0","0","0","0","0","1","3","5","2","0","1","1","0","3","19","4","1","9","22","14","9","18","41","23","37","29","49","52","76","55","116","141",""
"El Salvador","0","1","0","3","11","17","13","0","0","7","37","7","2","2","5","2","5","5","1","8","6","6","3","3","4","2","3","4","12","24","33","0","0","0","46","162","561","464","505","497","1754","3911","1003","812","2362","1825","1347","1675","933"
"Equatorial Guinea","","","","","","","0","0","0","0","0","0","","","","","","","","","0","0","","","","0","4","","","","","","67","166","356","247","15","4","288","","","","","","","","","",""
"Eritrea","0","0","0","0","0","156","81","31","","0","208","91","11","0","30","","65","46","6","53","149","130","152","132","119","","45","125","","","","","","","","","","","","","","","","","","","","",""
"Estonia","8","13","44","135","69","56","74","77","43","55","149","478","1295","629","485","409","153","63","455","489","215","319","503","235","344","336","46","50","161","279","200","222","87","","","","","","","","","","","","","","","",""
"Eswatini","0","0","0","0","0","0","0","0","0","0","0","0","6","0","0","0","1","0","0","0","0","0","0","0","0","13","11","4","31","38","34","72","20","27","97","294","756","673","533","1294","808","","","","","","790","",""
"Ethiopia","","","","","2423","","","","","","","","","","","","","","","","","","","733","749","","264","626","","","3813","","922","1183","13621","7198","4921","5148","12548","10993","10823","9885","23429","16444","8228","3096","5248","8445","4949"
"Fiji","0","","","","0","","","","","","","","0","0","0","0","0","0","3","0","0","10","","","","0","0","0","0","0","1","","1","6","4","9","0","2","5","5","15","8","13","10","23","15","28","7","41"
"Finland","35","33","290","557","477","399","432","165","","192","","555","336","267","511","480","535","552","1631","1263","581","315","","","832","606","586","518","1291","364","247","682","707","297","187","498","239","308","245","740","379","116","187","97","84","99","105","188","159"
"France","45","","16","","","155","56","47","84","165","","","","","","","246","","","","","","","","","","469","","","","","","","","","","","83","57","112","137","66","100","170","163","184","353","372","326"
"Gabon","","","","","","","","","","","","","","","","","","","","","0","588","","","","","98","","","128","406","","","318","528","363","1061","1721","1319","1334","480","357","3065","1779","2520","2057","4342","4812","3255"
"Gambia","0","0","","2","","0","0","0","0","0","0","0","0","0","0","0","0","0","0","0","0","0","0","5","","0","","","","","","","","","","","","56","","","","118","157","239","436","166","73","529","394"
"Georgia","40","19","87","290","558","280","120","176","94","115","346","33","49","130","129","63","135","165","207","98","147","82","84","233","334","118","114","97","308","272","148","335","","","","","","","","","","","","","","","","",""
"Germany","","","3462","10302","12907","16183","13809","9000","12260","","","","","","","","","","","","","","","","","","","","","","","","","94","244","60","76","306","187","207","217","209","258","149","197","598","171","360","1069"
"Ghana","0","48","57","56","8","0","123","21","0","0","","","63","","4","487","35","","","105","326","523","636","749","819","","1141","1147","1689","2360","2672","1602","2651","3744","2694","5079","2514","8704","5255","6279","10384","13509","13216","13459","16457","21444","22348","22009","12486"
"Greece","1","0","8","20","19","41","87","17","16","28","56","3","64","27","22","29","","24","23","","16","93","13","36","86","106","96","196","264","234","480","649","752","648","883","2784","1728","1020","1504","5470","2082","1351","3083","6416","2430","2230","7777","6398","3913"
"Grenada","0","0","0","0","0","0","0","0","0","0","0","0","0","0","0","0","0","0","0","0","0","0","1","4","0","0","0","0","1","2","2","0","0","0","2","1","9","0","0","0","0","0","0","6","0","4","310","18","3"
"Guatemala","0","0","13","60","67","62","152","83","25","34","273","0","0","0","60","97","48","0","391","350","50","229","146","291","441","567","65","34","29","34","156","149","130","145","625","53","509","1507","1970","1280","1539","1211","1513","1452","1093","1047","915","724","1870"
"Guinea","7","0","","","","0","0","","","0","","","0","25","0","0","38","15","52","108","81","267","247","176","160","515","180","","","","","","412","314","317","1759","647","625","1328","1963","4589","4141","2315","2212","1687","1292","1708","1635","2519"
"Guinea-Bissau","0","","0","8","0","0","0","0","0","0","0","0","0","0","0","0","15","","2","16","4","41","","20","","24","26","","","","","1786","1512","151","1286","1649","1206","743","464","896","1968","1323","1250","1377","765","623","389","","12"
"Guyana","0","","0","0","0","0","0","0","0","0","0","0","0","0","0","3","0","0","0","0","212","0","0","0","0","0","44","0","0","0","0","0","1","0","0","0","4","1","0","0","23","99","61","4","0","0","0","7",""
"Haiti","0","0","0","0","9","0","","4","2","0","0","0","13","4","696","824","","496","44","5","2","30","14","24","","0","","0","","","","","913","1835","637","1299","469","1373","749","524","1559","730","812","1188","1024","1042","2087","2860","1581"
"Honduras","0","8","11","78","74","266","151","30","41","25","48","113","135","127","224","71","138","134","104","93","69","37","169","145","59","191","200","0","3","15","425","89","65","52","143","519","331","335","630","550","1151","1812","2503","2451","1746","1373","3274","5516","4407"
"Hungary","2","0","13","7","23","15","5","6","20","20","5","9","25","33","33","48","17","22","31","29","6","1","1","1","0","0","5","3","2","3","2","5","12","3","18","18","12","21","24","9","22","27","22","46","67","27","55","59","50"
"Iceland","0","0","3","8","15","19","14","4","1","31","36","0","0","0","2","4","3","6","1","3","","3","8","","","47","100","27","41","4","4","137","3","19","53","162","35","16","59","535","258","26","41","566","234","58","91","138","54"
"India","4362","593","12566","11875","13208","23766","37274","25206","46706","31089","44154","39091","40508","60385","43697","46674","30088","31122","32786","33954","33289","34703","31431","11264","31199","21371","","4073","38591","47612","63308","73520","112416","145215","143598","163787","167234","184368","189287","211283","277859","359288","320109","335791","330702","303884","373814","345457","243288"
"Indonesia","414","","36","27","40","1043","826","","2082","2976","","1941","","973","","","3356","8897","1547","4364","2113","1025","142","287","","6934","9041","8772","12292","13130","15177","16112","30014","41831","26670","16","121","1045","1257","626","9507","24764","32999","19180","24521","8918","36","58","181"
"Iran (Islamic Republic of)","59","6","41","242","335","14","116","145","115","1415","1329","650","464","590","605","267","89","125","98","81","21","112","94","24","20","50","80","45","15","34","350","628","1230","2699","3327","6123","7829","11519","13178","15055","29956","22521","20395","12688","40366","5849","213","31660","33304"
"Iraq","79","28","80","17","978","1458","1014","529","1606","2471","2314","2019","2034","5471","2311","3140","3128","1050","78249","","","2922","407","466","1366","578","1247","483","534","767","1601","2309","122","368","200","316","798","2768","8518","4001","2584","3477","16687","7994","6116","7059","19472","11755","4246"
"Ireland","7","5","66","165","117","264","213","118","73","175","458","229","107","80","102","78","62","84","90","40","131","142","","179","252","459","261","436","353","869","860","843","803","2217","1170","1717","1482","3689","3061","1728","1073","997","547","588","831","1149","308","355","460"
"Israel","","34","517","","706","467","1143","5338","1509","1394","2730","2345","1244","1182","2169","2635","1495","357","1653","970","550","570","452","336","83","88","126","57","52","138","99","35","155","260","11","96","73","24","7","78","62","25","19","144","155","31","82","101","101"
"Italy","","","198","725","162","510","","","","","225","302","187","315","174","474","545","403","763","840","1953","","2543","3797","3632","3364","3895","14359","13360","4246","7055","19356","16992","6524","9535","30325","17154","15678","12493","25759","16377","7165","16643","18142","12680","8165","19246","10397","8204"
"Jamaica","0","0","0","0","0","0","0","0","0","2","2","1","0","0","0","0","1","8","5","5","2","7","23","12","1","4","22","7","5","0","0","16","3","0","7","20","16","5","27","65","354","18","13","37","38","56","56","215","163"
"Japan","","752","2947","16845","12103","1661","3011","2675","2066","1663","4087","4395","5406","5208","6753","","1504","","1534","1534","11740","3804","3787","","42","","183","","","131","","821","583","229","499","909","1037","938","1114","2459","2532","3368","5033","13035","9626","5470","2508","1084","393"
"Jordan","5","","2","10","4","7","8","0","5","3","4","0","0","6","0","1","1","1","4","3","2","3","5","1","3","4","6","4","2","10","16","2","4","12","38","13","36","35","101","85","106","55","437","38","24","90","514","129","150"
"Kazakhstan","3","1","54","147","97","44","32","74","23","14","43","66","35","39","45","69","120","222","57","12","30","71","87","56","66","268","249","504","685","665","1117","562","395","","","","","","","","","","","","","","","",""
"Kenya","","29","","","6","","3","","","","","","","","","","","","","0","300","285","424","180","290","63","","58","","","","136907","7404","9035","422","11991","30590","17949","46187","66617","78497","49903","13281","22542","12193","12751","10254","15011","12156"
"Kiribati","0","","","0","0","0","","","0","0","0","0","0","0","0","0","","0","0","","0","0","0","11","202","466","335","68","169","13","63","143","830","0","0","22","104","188","1","0","19","101","161","68","178","181","26","138","389"
"Kuwait","14","6","","","","","","35","28","30","83","16","41","","","","","110","67","","","","43","7","20","137","10","46","5","28","78","1","25","11","163","114","42","22","14","354","96","60","69","393","239","99","213","211","345"
"Kyrgyzstan","66","6","0","436","610","161","195","","","90","62","77","109","224","45","71","56","91","9","9","32","136","34","107","131","99","160","106","155","299","371","190","237","","","","","","","","","","","","","","","",""
"Lao People's Democratic Republic","","0","","359","289","111","9","140","","60","412","38","6","12","26","13","182","120","199","200","","111","80","133","49","90","264","106","900","104","233","2227","856","271","2523","980","286","2881","1813","652","396","","2718","","584","12","152","796","402"
"Latvia","46","9","341","720","159","95","250","210","81","201","257","10","9","9","14","27","29","25","39","99","159","160","135","55","149","152","39","58","137","115","106","208","129","","","","","","","","","","","","","","","",""
"Lebanon","","","","78","64","90","97","53","0","58","53","7","19","65","50","45","46","43","21","28","51","7","1","19","8","14","8","4","1","14","6","","","","","","","","","296","","","","","","","","",""
"Lesotho","","","0","0","0","0","0","0","0","0","0","0","0","0","0","0","0","","0","","0","0","","0","","","","","","","","","34","49","48","36","287","186","565","632","554","416","2020","2261","1392","1455","2183","1643","1633"
"Liberia","0","0","","82","","191","","0","0","0","0","0","","0","","","","0","0","","379","131","281","394","1114","","104","","","432","","","","7","4561","5","15","32","8","15","48","389","62","100","1281","2405","2764","523","173"
"Libya","422","","","501","910","","","","","","197","","","16","22","94","118","41","27","","21","10","","","18","2","","","14","15","81","108","43","53","15","77","157","158","39","30","87","220","25","23","85","310","93","27","180"
"Lithuania","2","0","68","26","27","21","36","60","143","65","154","30","19","233","51","17","6","64","48","5","23","162","91","80","96","150","57","104","232","254","301","350","","","","","","","","","","","","","","","","",""
"Luxembourg","3","1","5","","9","18","7","0","6","29","10","4","0","1","2","0","0","","3","10","","","0","","","0","1","1","0","4","1","2","3","22","2","0","6","17","6","20","21","16","46","50","37","56","28","20","49"
"Madagascar","377","114","0","229","180","0","321","413","","19","33","369","0","255","","0","0","","2974","8021","2428","104","3880","3244","1168","807","1263","1565","","","","","1333","1689","2426","4436","5449","12515","9958","20891","43365","31592","32457","44062","37268","35610","10389","",""
"Malawi","","","0","0","0","0","0","0","0","0","","","0","0","0","0","0","0","0","0","0","0","365","","0","","0","0","0","0","","30","","","","35938","24902","25712","14374","19211","26921","18627","29769","37787","27595","21800","40000","",""
"Malaysia","101","11","136","915","892","353","298","939","500","222","217","248","41","5","11","15","6","8","40","28","6","26","42","17","6","3","7","8","12","15","25","20","24","25","27","121","68","150","57","86","126","106","97","105","78","125","276","205","236"
"Maldives","0","0","","0","1","0","0","0","0","0","0","0","0","0","0","0","0","0","","","","0","","","0","0","0","0","0","0","0","0","0","0","0","0","0","2","0","0","0","0","7","2","","","","",""
"Mali","0","14","0","0","0","","","","0","","","","","","41","","0","33","33","","8","15","0","19","","","158","162","","","","230","430","1047","1919","2655","4864","4165","1738","2234","3003","4415","2811","3859","4781","2283","11013","7980","7851"
"Malta","0","0","9","15","5","9","0","0","1","","","8","2","0","1","0","2","7","6","7","4","1","3","60","4","12","10","59","36","1","2","251","106","3","9","7","210","140","4","15","144","68","2","34","83","15","150","36","133"
"Marshall Islands","0","0","","","","","","","","","0","0","0","2","","1","0","0","","0","0","0","0","0","0","0","0","","0","7","2","0","3","0","0","0","0","0","449","0","0","0","0","0","0","0","0","0","0"
"Mauritania","0","0","0","0","0","","0","0","","","30","","","","0","0","","87","","","","","","","","","","","","","","1047","383","5032","761","737","2223","5958","8130","3797","2327","9479","7576","2500","3455","3852","4275","4207","4908"
"Mauritius","0","","","","","0","","","1","0","0","0","1","1","0","1","0","0","0","0","","0","0","0","","","0","","","","","0","12","0","0","0","0","0","0","3","0","0","0","0","0","","","",""
"Mexico","69","22","251","874","783","827","1029","1107","955","961","978","252","371","559","162","164","171","349","137","72","214","218","53","51","188","593","32","15","599","149","136","163","1078","1978","693","763","1268","2608","1753","1227","2000","3977","5539","2625","3100","7472","4580","3450","9020"
"Micronesia (Federated States of)","18","","0","0","0","0","0","0","0","","","","","0","","47","0","0","0","","","0","9","49","15","0","","0","0","17","0","0","0","0","","180","","","","","","","","","","","","",""
"Monaco","","0","","","2","0","","","","","","","","","","","","","","5","","","","","","","","","","","","","0","0","0","0","0","0","0","0","0","0","","","","","","",""
"Mongolia","","","","0","0","0","0","0","0","0","0","0","0","0","0","0","0","0","0","0","2","0","0","2","4","1","1","4","5","28","0","1","3","0","0","0","5","0","3","19","3","1","22","13","8","43","248","41","25"
"Montenegro","0","1","","","57","19","8","","","0","2","8","1","1","5","0","0","","","","","","","","","","","","","","","","","","","","","","","","","","","","","","","",""
"Morocco","","","","","73","","","","","72","172","35","15","73","74","28","27","","47","32","27","74","22","20","58","46","50","37","132","73","43","133","83","62","113","1078","1163","1762","5101","8142","12330","7359","14873","13408","15942","25970","34867","26437",""
"Mozambique","","","","0","","0","","0","","","","","0","","0","","","12","12","13","11","599","94","82","57","345","252","","211","964","564","240","451","726","459","633","741","1201","","","","","","","","","","",""
"Myanmar","","","13","30","28","4","2","5","5","14","2","5","0","3","5","13","13","11","100","19","61","","55","34","46","120","331","871","551","1592","1486","2455","7882","3819","2547","5757","9783","10238","11747","22215","41765","31424","26878","37973","10795","15056","13775","11451","3109"
"Namibia","7","6","0","1","5","0","0","0","0","0","2","16","0","0","15","0","","8","7","22","10","45","30","17","163","221","82","","","","4853","","","","","","","","","","","","","","","","","",""
"Nauru","","","","0","0","","","","","","","0","0","0","0","0","0","0","0","","0","0","0","0","","0","","0","","","","","166","0","0","0","0","","0","0","0","4","0","0","0","0","","",""
"Nepal","4828","","0","0","4153","9092","4890","4416","6096","3431","1595","1733","2293","2357","2297","879","1092","2170","3708","4479","4683","5908","6021","","14339","12443","11683","12166","5","2","8","15","18","18","13","32","25","102","160","2004","1788","10","1055","1257","997","43","41","","49"
"Netherlands (Kingdom of the)","129","74","943","6079","4710","4505","3542","6566","8960","2858","13552","6726","2912","6202","8661","7325","4298","6535","9113","","5880","","4836","6279","2252","3947","2778","319","536","294","169","164","471","434","127","2709","2159","1522","534","200","80","50","30","26","1","25","4","",""
"New Zealand","18","43","171","1206","2952","2143","1096","1168","1099","3396","5598","1992","462","656","","331","1122","2720","3489","589","1068","4143","4143","1046","153","284","","10","35","48","80","221","91","","","","","","0","0","0","","0","","","0","0","",""
"Nicaragua","0","0","0","8","53","74","90","36","0","0","68","87","24","11","25","51","148","0","0","0","0","0","11","27","6","84","14","8","5","47","333","0","0","0","63","257","458","150","60","68","394","1935","2469","267","623","791","853","1414","2219"
"Niger","670","0","385","583","517","283","482","0","0","884","0","983","30","1354","1199","3204","1985","1206","2159","2109","2613","2709","5585","2446","2619","3190","","2967","","","","671","3102","4284","3622","4626","8213","5261","6276","7175","3920","5735","8320","7315","3836","4275","4482","8792","5711"
"Nigeria","","","","","7897","4244","","6592","9559","8530","11628","0","","11281","13240","12573","10997","15609","10976","","11894","34517","38910","","25057","","24766","","22275","23800","22164","18685","42929","33555","34920","51316","42193","92266","62751","70024","77830","56913","48996","58719","45440","42452","37949","34362","31177"
"Niue","0","","","0","","","","","","0","0","0","0","0","0","0","","0","0","0","0","0","0","0","0","0","0","0","0","0","0","0","","0","0","0","0","0","0","0","0","0","0","0","0","3","9","0",""
"North Macedonia","0","0","2","","32","13","4","0","0","1","9","6","2","7","0","0","7","7","1","16","4","5","21","10","","32","20","27","53","38","46","84","","","","","","","","","","","","","","","","",""
"Norway","44","39","812","2539","2476","2424","2207","1902","3032","2608","4231","3695","3565","5546","3893","","6587","5536","7737","2765","3170","2574","3417","","","1835","87","71","107","17","124","140","208","225","297","653","789","1227","1375","2969","2110","2017","2003","2059","1812","1053","1074","2198","1541"
"occupied Palestinian territory, including east Jerusalem","25","277","18","22","57","125","","","","","","","45","","","","","","","","","","26","2","3","35","95","","","","","","","","","","","","","","","","","","","","","",""
"Oman","5","4","86","106","128","276","223","120","165","309","165","88","32","38","58","75","39","36","76","149","96","54","190","205","484","694","73","108","168","233","45","26","49","25","16","5","207","765","830","2605","2776","2236","1534","855","2049","4440","12141","13057",""
"Pakistan","168","53","29","263","0","99","0","0","0","250","60","156","109","164","169","267","313","133","97","167","233","109","160","222","103","238","201","180","411","473","276","140","24545","1324","62382","47676","53835","55659","38677","51680","50932","58280","42947","33433","10028","6362","7094","10028","7554"
"Palau","0","","","","","0","0","0","0","0","0","0","0","0","0","0","0","0","0","","0","","0","0","0","0","0","0","0","","0","0","0","0","0","0","0","0","0","0","0","0","0","0","0","0","0","0","0"
"Panama","","5","1","108","20","5","3","9","19","42","47","36","22","101","108","78","132","28","12","11","88","7","66","212","226","109","44","3","192","209","26","107","19","34","29","45","40","92","161","229","79","103","641","738","91","127","61","135","697"
"Papua New Guinea","8","10","51","462","0","0","0","0","0","3188","6472","4625","4949","2932","","","3051","2692","2050","2123","5002","2099","2280","4773","550","2871","1274","2814","2031","2369","2042","775","2084","2380","2452","1560","2487","1757","1337","2656","1422","2884","2693","1942","809","1102","1704","1243","829"
"Paraguay","4","5","15","26","53","44","31","32","101","81","44","11","1","1","7","8","6","13","40","48","36","65","24","29","36","40","40","13","49","272","372","118","115","291","886","251","111","363","795","361","412","459","652","1015","848","1094","460","557","6"
"Peru","4","35","47","414","483","611","143","119","236","1373","1173","56","64","254","59","47","84","127","201","68","54","24","68","2388","2490","989","355","872","3123","1013","369","470","1134","1714","1553","2344","2796","7226","7145","7164","8238","11973","12134","12720","6544","5589","9316","12794","12005"
"Philippines","4","20","35","114","339","88","29","5","0","23","0","","62","2","46","17","41","20","10","9","8","16","23","4","0","24","","22","26","19","5128","3377","4135","9466","7814","8856","16139","19628","21479","17380","15879","19178","19844","21254","15243","21403","27442","28231","22042"
"Poland","","180","746","","1552","3066","6853","","","2183","4682","","1266","2390","","1987","1525","1925","2954","2034","1788","2411","2269","876","2871","2092","330","549","697","314","590","302","292","107","174","295","122","304","326","185","452","281","232","508","633","1068","512","1156","2675"
"Portugal","8","3","33","84","60","115","563","230","73","103","224","32","14","68","69","22","22","78","38","4","2","","22","12","9","11","16","19","19","26","20","50","101","274","49","190","326","54","62","124","59","69","71","92","49","31","144","130","201"
"Qatar","1","0","0","","0","0","0","0","0","0","0","0","11","9","","11","15","7","","4","8","4","1","","0","3","2","0","1","2","2","3","18","25","50","140","134","129","201","547","20","193","219","46","27","12","61","49","88"
"Republic of Korea","31","21","126","499","951","110","146","205","76","36","230","97","18","42","7","14","17","10","6","5","10","9","28","","9","13","3","3","39","","","","174","168","565","808","188","479","1854","443","700","1622","1554","789","713","3162","1177","1182","3077"
"Republic of Moldova","6","5","60","174","217","355","283","50","188","115","92","102","31","47","30","36","43","24","105","31","5","210","169","38","182","327","78","123","871","831","526","442","266","","","","","","","","","","","","","","","",""
"Romania","9","1","18","110","93","95","72","93","87","57","82","86","29","10","51","35","33","57","231","94","90","209","493","82","97","263","927","510","732","1551","822","2463","817","696","1675","4762","1841","1810","5896","4346","6566","7350","11441","12734","5614","13471","15602","13646","14564"
"Russian Federation","3186","1108","6069","14407","10423","5411","8232","6452","4705","4510","7220","4733","4795","4056","3557","8116","8208","4644","11085","12523","5455","12073","29983","22222","28045","27202","13842","20626","48614","39439","24004","30876","24960","","","","","","","","","","","","","","","",""
"Rwanda","0","","0","0","6","0","0","0","","","0","0","0","","","","","0","0","0","0","23","0","561","","","0","","","","","110","177","94","268","1001","1802","1573","2053","5421","11857","16486","16189","16513","16615","26636","21856","20813","29436"
"Saint Kitts and Nevis","0","0","0","0","0","0","0","0","0","0","0","0","0","0","0","0","0","0","0","0","0","0","0","0","0","0","0","0","0","0","0","0","0","0","0","0","0","0","0","0","0","0","0","0","0","0","","0","0"
"Saint Lucia","0","0","0","0","0","0","1","8","0","0","0","0","0","0","0","0","0","0","0","0","0","0","0","0","0","0","0","0","0","0","0","0","4","0","0","0","0","0","0","0","8","471","19","1","4","0","0","1","3"
"Saint Vincent and the Grenadines","","0","0","0","0","0","0","0","0","0","0","0","0","0","0","0","0","0","0","0","0","0","0","0","0","0","0","0","0","0","0","0","0","1","0","0","0","0","0","0","0","1","0","10","46","","409","512","24"
"Samoa","0","","0","","326","0","","","","","0","0","22","0","53","","0","0","0","2","","","","","0","0","0","0","0","0","3","0","0","9","0","0","0","0","0","0","66","99","113","40","140","91","139","66","12"
"San Marino","0","0","0","0","0","0","13","","","","0","0","0","0","","0","0","0","0","0","","","0","0","","0","","","","3","","0","","","","","","","","","5","3","7","23","18","6","18","21","107"
"Sao Tome and Principe","","0","","0","0","0","0","0","0","0","0","0","0","0","0","0","0","0","0","0","0","0","0","","","0","0","","","","","135","","","1","36","96","18","468","7","53","32","0","0","0","","36","","23"
"Saudi Arabia","17","43","95","326","160","40","7","11","1","0","6","13","0","1","30","68","34","21","64","120","42","35","","11","85","80","56","33","14","45","94","41","112","117","315","246","248","1395","1730","1202","1630","3897","9815","7827","8722","4795","9589","8382","10667"
"Senegal","0","0","0","0","9","0","","0","1","","","","","0","45","50","7","","21","","0","","0","30","","0","","","509","1518","541","375","1041","1523","258","","","","","16033","22590","18182","22792","18629","26334","23390","27420","25208","31867"
"Serbia","5","5","","","351","285","148","89","281","39","51","25","1","5","6","3","5","4","78","14","72","7","24","40","116","218","270","446","458","467","236","1070","1440","1473","1712","4610","2978","3744","4666","5550","5321","4593","6710","6369","6187","5829","6706","6068","6142"
"Seychelles","0","0","0","7","0","0","0","0","0","0","0","5","2","0","0","0","0","0","0","0","0","0","","0","0","0","0","0","","","","","2","0","0","0","0","0","1","2","39","0","0","","","","","",""
"Sierra Leone","","0","","","","","","","","","","23","","","","0","","","","0","","","0","","","0","","","","","","","","","10","228","123","1637","1573","1732","1425","2089","1619","1425","","","","",""
"Singapore","","","","","114","79","","","","17","24","29","8","13","33","38","2","2","0","1","0","1","2","1","1","0","","1","2","1","14","5","8","1","11","9","9","0","1","7","7","5","5","15","8","3","1","9","2"
"Slovakia","127","87","706","702","376","191","289","334","1123","907","950","936","1379","288","105","21","21","17","21","47","36","3","43","108","8","55","74","10","56","353","44","54","194","","","","","","","","","","","","","","","",""
"Slovenia","51","6","42","129","213","213","127","68","399","169","178","284","610","442","181","706","551","75","113","180","29","77","","23","25","81","65","35","97","65","29","53","","","","","","","","","","","","","","","","",""
"Solomon Islands","2","78","","","0","","","","","0","0","0","0","0","0","35","24","191","0","0","0","61","","","32","0","10","2","51","196","616","72","27","766","0","0","0","3","0","0","0","0","2","14","12","1","0","",""
"Somalia","","","0","0","114","","","","","1001","3784","3028","665","823","","1347","","","","","","","","24","792","","","","","","","","","906","348","197","39","62","439","668","","","","","","","","",""
"South Africa","789","557","104","557","955","102","40","103","230","116","","181","","4","","","","","","8","5","24","8","34","39","23","14","","","","","","","","","","","","","","","","","","","","","",""
"South Sudan","0","77","","","","0","","3","0","","","","","","","","","","","","","","","","","","","","","","","","","","","","","","","","","","","","","","","",""
"Spain","215","57","242","3075","3665","4633","4892","","","2342","3439","3088","739","393","563","556","378","295","","512","345","","921","417","315","1134","3577","3741","5021","6229","11518","8365","10075","33217","14506","26958","55846","60564","35967","36164","50463","","","","","","","",""
"Sri Lanka","0","0","1","5","12","0","54","107","38","67","61","23","2","31","9","0","0","0","45","82","16","52","194","112","135","229","33","64","5","18","6","25","271","61","25","31","157","536","274","244","296","501","542","803","703","1078","1040","1341","525"
"Sudan","","","73","34","","12","","","141","119","109","132","209","6","34","57","39","90","192","232","213","645","80","51","169","418","133","1496","127","264","271","312","566","521","327","1115","20010","10314","1365","862","43905","41811","28631","98931","107979","82265","46605","37135","36767"
"Suriname","33","0","4","1","","","0","0","13","3","1","0","0","1","0","0","0","0","0","2","0","5","0","0","0","1","2","0","0","0","0","0","0","0","0","0","0","0","0","0","12","0","0","0","0","","3","",""
"Sweden","13","11","269","782","739","805","679","603","703","237","289","177","266","281","459","689","795","1360","1371","664","1350","979","2705","","","2490","8473","10655","13187","11542","9782","11432","10697","10969","12777","6747","5746","10839","4743","9778","4787","2256","5221","4105","8612","6494","1190","2172","3196"
"Switzerland","","","","","3950","8833","8276","6970","9349","10094","","4700","5900","3700","","","","","","","","6000","","11000","13000","13000","11500","20000","26000","5000","5000","","","","","","","","","","","","","","","","","",""
"Syrian Arab Republic","343","197","224","302","101","0","20","29","","35","4","90","70","19","59","140","212","","268","309","476","240","124","183","313","925","934","961","212","51","109","103","39","69","30","166","255","286","214","485","188","260","430","642","467","351","1088","906","1077"
"Turkiye","8","6","22","60","207","85","22","322","68","33","18","242","48","11","17","63","57","272","389","255","193","182","510","222","429","694","672","347","442","692","712","289","454","411","207","279","1048","2678","3145","5706","5063","2661","1520","3094","2267","1739","2440","3036","2851"
"Tajikistan","74","0","13","112","0","36","6","","6","2","5","56","12","6","7","46","22","22","74","23","53","24","13","80","66","284","86","192","662","1094","1115","581","935","","","","","","","","","","","","","","","",""
"Thailand","10","","90","99","79","55","84","51","14","24","14","12","6","25","16","23","72","23","21","24","15","72","93","43","101","110","","117","150","395","414","295","487","1230","1663","1467","1855","2533","4060","4846","3448","2944","4820","5093","2574","3150","1980","3281","2399"
"Timor-Leste","0","0","5","7","0","1","6","5","0","0","0","4","0","0","0","0","26","0","0","0","0","","","","","","","","","","","","","","","","","","","","","","","","","","","",""
"Togo","","","3","55","27","","11","23","38","30","32","34","53","72","156","27","","","88","71","177","628","115","241","491","14","112","60","134","191","","362","431","576","1132","2149","1408","2440","3687","2628","4253","5314","3901","4238","7499","5521","5196","9304","2261"
"Tonga","","","","","0","0","0","","","0","4","0","0","5","0","0","2","9","0","0","2","1","0","0","0","0","0","0","","0","0","0","3","1","0","0","1","2","4","50","526","0","2","147","210","0","0","0","5"
"Trinidad and Tobago","0","0","0","0","0","0","0","0","0","0","0","0","0","0","0","0","0","0","0","0","0","0","0","0","1","1","0","0","5","5","4","4","9","7","11","12","15","9","22","0","3","9","10","47","23","21","18","30","27"
"Tunisia","5","2","11","125","143","14","7","4","145","88","0","0","4","8","12","6","8","6","1","2","1","0","1","1","2","5","3","5","3","30","53","8","68","10","115","123","280","482","","","748","2103","4106","","1613","","","",""
"Turkmenistan","0","0","0","8","0","0","2","0","0","0","0","0","0","0","0","0","0","0","3","0","49","8","11","7","13","49","82","31","108","173","209","189","260","","","","","","","","","","","","","","","",""
"Tuvalu","","","","","","","","","","","0","0","0","0","0","0","0","0","0","0","0","0","","0","","0","0","0","0","0","0","0","","0","0","0","0","0","0","0","0","1","1","1","2","0","0","0",""
"Uganda","","382","","","","","","","","","","","","","","","","0","","","","","","0","0","","","","","","","","913","9740","858","","","","","6064","1376","4196","2122","1008","4198","24668","3663","10069","1450"
"Ukraine","32","91","1041","2314","2214","2480","3132","2426","","","2286","2937","1067","","1025","2198","2459","1518","2241","778","411","2210","2243","1179","1763","2266","1220","1205","3374","6939","3363","3861","4189","","","","","","","","","","","","","","","",""
"United Arab Emirates","0","40","24","12","29","","","","18","","61","","79","","51","","","34","18","24","18","7","37","19","28","16","19","29","43","23","32","69","96","58","73","90","157","49","122","74","239","170","228","227","89","66","297","70",""
"United Kingdom of Great Britain and Northern Ireland","79","54","1226","4613","3423","5097","7085","5207","4046","6090","11980","1243","518","846","1028","1163","478","358","169","521","1054","1049","866","","0","3669","2724","2399","4837","4718","2750","6282","16605","12305","5473","16791","39939","24244","6419","21589","70928","21461","22924","33200","70509","18729","4392","9946","18264"
"United Republic of Tanzania","","","","","","","","","","0","0","0","0","0","0","0","0","0","0","33","1","0","","","","","","","","","","45","243","9236","630","784","2541","2135","839","2016","2125","2604","2788","1991","1505","364","1698","",""
"United States of America","2115","6126","18617","","15609","18975","17972","20679","32971","28639","48277","18719","27550","0","13213","10454","15632","25616","25827","11647","9771","7580","7867","7288","7405","6564","7796","5137","4617","6586","4083","2719","4570","4157","3450","2823","4195","3589","2276","2463","1895","1248","1730","1623","2063","2177","1010","1738","2402"
"Uruguay","6","44","22","69","187","293","371","777","0","323","598","639","36","9","128","26","15","0","0","1","5","6","0","3","1","12","17","69","11","17","42","42","161","40","25","384","1095","503","88","133","761","445","192","230","1125","1426","75","37","561"
"Uzbekistan","3","2","39","106","0","102","103","0","69","42","62","36","33","35","31","106","115","126","35","40","78","57","77","54","32","197","197","266","357","525","1502","902","713","","","","","","","","","","","","","","","",""
"Vanuatu","1","0","0","0","22","","","","","","","0","0","0","0","0","0","11","","","6","","36","6","","51","6","0","0","161","161","0","3","39","66","37","138","1881","238","29","45","27","231","40","848","159","25","40",""
"Venezuela (Bolivarian Republic of)","","0","1","217","144","21","2","0","1","6","8","3","0","0","0","","1183","836","715","408","372","474","555","502","609","973","443","510","808","556","507","1389","1389","634","465","915","3088","4109","1939","3667","4034","4325","3247","1817","4445","11473","9591","9948","9985"
"Viet Nam","20","44","158","1013","700","555","267","309","90","54","98","105","81","122","280","183","144","194","328","716","662","1242","1426","903","1182","1565","1537","2444","3477","2507","4428","4669","4095","11281","21672","30498","43981","44011","49575","85023","59840","75187","96577","112861","76310","113779","50623","39025","94031"
"Yemen","","5208","0","","","","","","","2529","4699","2280","2534","2500","1229","2760","3476","1294","2200","","","","","","","","","184","25","","1556","","","32336","6358","5005","11205","17506","22581","28527","27702","15081","15332","13082","6337","7476","6924","8579","18"
"Zambia","","","","","0","0","0","0","","0","0","0","0","681","162","34","120","185","180","391","595","953","0","1051","","0","","","","","","","200","146","139","172","1134","1303","3896","8105","29958","23191","21232","26082","24432","29484","21128","30174","52727"
"Zimbabwe","15","0","0","0","0","0","3","0","0","0","0","0","0","0","0","0","0","0","9","0","0","0","8","30","0","36","20","34","142","211","","595","491","728","839","2631","1961","2154","1765","1511","2594","2629","6290","","","","","",""
